 26.62	28400	28400	U	0	unclassified
 73.38	78284	3410	R	1	root
 53.06	56606	0	D	10239	  Viruses
 51.81	55276	0	D1	2559587	    Riboviria
 50.58	53958	0	K	2732396	      Orthornavirae
 48.87	52138	0	P	2497569	        Negarnaviricota
 48.87	52138	0	P1	2497571	          Polyploviricotina
 48.87	52138	0	C	2497576	            Ellioviricetes
 48.87	52138	0	O	1980410	              Bunyavirales
 48.87	52138	0	F	1980418	                Phenuiviridae
 48.87	52138	0	G	11584	                  Phlebovirus
 48.87	52138	0	S	1933187	                    Rift Valley fever phlebovirus
 48.87	52138	52138	S1	11588	                      Rift Valley fever virus
  1.71	1820	0	P	2732408	        Pisuviricota
  1.71	1820	0	C	2732506	          Pisoniviricetes
  1.67	1786	0	O	76804	            Nidovirales
  1.67	1786	0	O1	2499399	              Cornidovirineae
  1.67	1786	0	F	11118	                Coronaviridae
  1.67	1786	40	F1	2501931	                  Orthocoronavirinae
  1.53	1627	153	G	693996	                    Alphacoronavirus
  0.95	1015	1	G1	2509505	                      Pedacovirus
  0.53	568	568	S	28295	                        Porcine epidemic diarrhea virus
  0.42	446	446	S	693999	                        Scotophilus bat coronavirus 512
  0.11	120	0	G1	2509503	                      Nyctacovirus
  0.10	111	0	S	2501928	                        Nyctalus velutinus alphacoronavirus SC-2013
  0.10	111	111	S1	1503291	                          BtNv-AlphaCoV/SC2013
  0.01	9	0	G2	2727852	                        unclassified Nyctacovirus
  0.01	9	9	S	2492658	                          Alphacoronavirus Bat-CoV/P.kuhlii/Italy/3398-19/2015
  0.09	96	0	G1	2509512	                      Setracovirus
  0.09	95	0	S	2501929	                        NL63-related bat coronavirus strain BtKYNL63-9b
  0.09	95	95	S1	1920748	                          NL63-related bat coronavirus
  0.00	1	1	S	277944	                        Human coronavirus NL63
  0.09	95	0	G1	2509492	                      Luchacovirus
  0.09	93	93	S	1508224	                        Lucheng Rn rat coronavirus
  0.00	2	0	G2	2724758	                        unclassified Luchacovirus
  0.00	2	2	S	1964806	                          Coronavirus AcCoV-JC34
  0.06	62	0	G1	2509496	                      Minacovirus
  0.06	62	0	S	1913642	                        Mink coronavirus 1
  0.06	62	62	S1	766791	                          Mink coronavirus strain WD1127
  0.05	49	0	G1	2509497	                      Minunacovirus
  0.04	44	12	S	694000	                        Miniopterus bat coronavirus 1
  0.03	30	30	S1	393768	                          Bat coronavirus 1B
  0.00	2	2	S1	393767	                          Bat coronavirus 1A
  0.00	5	5	S	694001	                        Miniopterus bat coronavirus HKU8
  0.02	18	0	G1	2509500	                      Myotacovirus
  0.02	18	0	S	2501927	                        Myotis ricketti alphacoronavirus Sax-2011
  0.02	18	18	S1	1503289	                          BtMr-AlphaCoV/SAX2011
  0.01	11	0	G1	2509477	                      Colacovirus
  0.01	11	0	S	1913643	                        Bat coronavirus CDPHE15
  0.01	11	11	S1	1384461	                          Bat coronavirus CDPHE15/USA/2006
  0.00	4	0	G1	2509514	                      Tegacovirus
  0.00	4	4	S	693997	                        Alphacoronavirus 1
  0.00	2	0	G1	2509480	                      Duvinacovirus
  0.00	2	2	S	11137	                        Human coronavirus 229E
  0.00	1	0	G1	366617	                      unclassified Alphacoronavirus
  0.00	1	1	S	1508228	                        Wencheng Sm shrew coronavirus
  0.00	1	0	G1	2509479	                      Decacovirus
  0.00	1	0	S	1244203	                        Bat coronavirus HKU10
  0.00	1	1	S1	1241933	                          Rousettus bat coronavirus HKU10
  0.08	89	0	G	694013	                    Gammacoronavirus
  0.08	83	0	G1	2509487	                      Igacovirus
  0.08	83	48	S	694014	                        Avian coronavirus
  0.03	35	35	S1	300188	                          Duck coronavirus
  0.01	6	0	G1	1433214	                      unclassified Gammacoronavirus
  0.01	6	6	S	2569586	                        Canada goose coronavirus
  0.02	26	0	G	1159901	                    Deltacoronavirus
  0.02	26	0	G1	2509474	                      Buldecovirus
  0.02	26	26	S	1159907	                        White-eye coronavirus HKU16
  0.00	4	0	G	694002	                    Betacoronavirus
  0.00	2	0	G1	2509494	                      Merbecovirus
  0.00	2	0	S	1965093	                        Hedgehog coronavirus 1
  0.00	2	2	S1	1385427	                          Betacoronavirus Erinaceus/VMC/DEU/2012
  0.00	2	2	G1	2509511	                      Sarbecovirus
  0.03	34	0	O	464095	            Picornavirales
  0.01	15	0	F	12058	              Picornaviridae
  0.01	14	14	G	1511775	                Gallivirus
  0.00	1	0	G	12103	                Cardiovirus
  0.00	1	0	S	1821750	                  Cardiovirus B
  0.00	1	1	S1	204711	                    Theilovirus
  0.01	15	0	F	232795	              Dicistroviridae
  0.01	15	0	F1	336635	                unclassified Dicistroviridae
  0.01	15	15	S	1776109	                  Goose dicistrovirus
  0.00	4	0	F	699189	              Iflaviridae
  0.00	4	0	G	232799	                Iflavirus
  0.00	4	4	S	232800	                  Varroa destructor virus 1
  1.24	1318	0	K	2732397	      Pararnavirae
  1.24	1318	0	P	2732409	        Artverviricota
  1.24	1318	3	C	2732514	          Revtraviricetes
  0.72	769	0	O	2169561	            Ortervirales
  0.72	769	0	F	11632	              Retroviridae
  0.72	769	0	F1	327045	                Orthoretrovirinae
  0.72	769	0	G	11646	                  Lentivirus
  0.72	769	769	S	11676	                    Human immunodeficiency virus 1
  0.51	546	0	O	2732515	            Blubervirales
  0.51	546	0	F	10404	              Hepadnaviridae
  0.51	546	13	G	10405	                Orthohepadnavirus
  0.50	530	530	S	35269	                  Woodchuck hepatitis virus
  0.00	3	3	S	2049933	                  Pomona bat hepatitis B virus
  1.14	1214	0	D1	2732004	    Varidnaviria
  1.14	1214	0	K	2732005	      Bamfordvirae
  1.14	1214	0	P	2732008	        Preplasmiviricota
  1.14	1214	0	C	2732529	          Tectiliviricetes
  1.14	1214	0	O	2732559	            Rowavirales
  1.14	1214	0	F	10508	              Adenoviridae
  1.14	1214	0	G	10509	                Mastadenovirus
  1.14	1214	1198	S	129951	                  Human mastadenovirus C
  0.01	15	15	S1	28285	                    Human adenovirus 5
  0.00	1	1	S1	10533	                    Human adenovirus 1
  0.10	107	0	D1	2731342	    Monodnaviria
  0.10	107	0	K	2732092	      Shotokuvirae
  0.10	107	0	P	2732415	        Cossaviricota
  0.10	107	0	C	2732422	          Quintoviricetes
  0.10	107	0	O	2732534	            Piccovirales
  0.10	107	3	F	10780	              Parvoviridae
  0.08	82	0	F1	40120	                Densovirinae
  0.07	73	0	G	136466	                  Brevidensovirus
  0.07	73	0	G1	351053	                    unclassified Brevidensovirus
  0.07	73	73	S	945962	                      Mosquito densovirus BR/07
  0.01	9	0	G	40122	                  Iteradensovirus
  0.01	8	0	G1	364412	                    unclassified Iteravirus
  0.01	8	8	S	1469956	                      Danaus plexippus plexippus iteravirus
  0.00	1	0	S	1513211	                    Lepidopteran iteradensovirus 2
  0.00	1	1	S1	1217821	                      Sibine fusca densovirus
  0.02	22	0	F1	2732887	                Hamaparvovirinae
  0.02	22	0	G	2733230	                  Brevihamaparvovirus
  0.02	22	2	S	2748961	                    Dipteran brevihamaparvovirus 1
  0.01	16	0	S1	35338	                      Aedes albopictus densovirus
  0.01	16	16	S2	1513196	                        Aedes aegypti densovirus 2
  0.00	4	4	S1	487311	                      Anopheles gambiae densovirus
  0.01	9	0	D1	2731341	    Duplodnaviria
  0.01	9	0	K	2731360	      Heunggongvirae
  0.00	5	0	P	2731618	        Uroviricota
  0.00	5	0	C	2731619	          Caudoviricetes
  0.00	5	0	O	28883	            Caudovirales
  0.00	3	0	F	10699	              Siphoviridae
  0.00	3	0	G	2560142	                Gorganvirus
  0.00	3	0	S	2560650	                  Gorganvirus isfahan
  0.00	3	3	S1	1969841	                    Proteus phage VB_PmiS-Isfahan
  0.00	2	0	F	10662	              Myoviridae
  0.00	2	0	G	2843389	                Haloferacalesvirus
  0.00	2	0	G1	2852399	                  unclassified Haloferacalesvirus
  0.00	2	2	S	1262527	                    Halovirus HSTV-2
  0.00	4	0	P	2731361	        Peploviricota
  0.00	4	0	C	2731363	          Herviviricetes
  0.00	4	0	O	548681	            Herpesvirales
  0.00	4	0	F	10292	              Herpesviridae
  0.00	4	0	F1	10357	                Betaherpesvirinae
  0.00	4	0	G	10358	                  Cytomegalovirus
  0.00	4	4	S	10359	                    Human betaherpesvirus 5
 15.85	16910	1545	R1	131567	  cellular organisms
 13.54	14448	0	D	2759	    Eukaryota
 13.54	14448	0	D1	33154	      Opisthokonta
 13.54	14448	0	K	33208	        Metazoa
 13.54	14448	0	K1	6072	          Eumetazoa
 13.54	14448	0	K2	33213	            Bilateria
 13.54	14448	0	K3	33511	              Deuterostomia
 13.54	14448	0	P	7711	                Chordata
 13.54	14448	0	P1	89593	                  Craniata
 13.54	14448	0	P2	7742	                    Vertebrata
 13.54	14448	0	P3	7776	                      Gnathostomata
 13.54	14448	0	P4	117570	                        Teleostomi
 13.54	14448	0	P5	117571	                          Euteleostomi
 13.54	14448	0	P6	8287	                            Sarcopterygii
 13.54	14448	0	P7	1338369	                              Dipnotetrapodomorpha
 13.54	14448	0	P8	32523	                                Tetrapoda
 13.54	14448	0	P9	32524	                                  Amniota
 13.54	14448	0	C	40674	                                    Mammalia
 13.54	14448	0	C1	32525	                                      Theria
 13.54	14448	0	C2	9347	                                        Eutheria
 13.54	14448	0	C3	1437010	                                          Boreoeutheria
 13.54	14448	0	C4	314146	                                            Euarchontoglires
 13.54	14448	0	O	9443	                                              Primates
 13.54	14448	0	O1	376913	                                                Haplorrhini
 13.54	14448	0	O2	314293	                                                  Simiiformes
 13.54	14448	0	O3	9526	                                                    Catarrhini
 13.54	14448	0	O4	314295	                                                      Hominoidea
 13.54	14448	0	F	9604	                                                        Hominidae
 13.54	14448	0	F1	207598	                                                          Homininae
 13.54	14448	0	G	9605	                                                            Homo
 13.54	14448	14448	S	9606	                                                              Homo sapiens
  0.86	914	47	D	2	    Bacteria
  0.48	516	15	P	1224	      Proteobacteria
  0.39	416	39	C	1236	        Gammaproteobacteria
  0.24	258	35	O	91347	          Enterobacterales
  0.16	170	29	F	543	            Enterobacteriaceae
  0.07	77	0	G	561	              Escherichia
  0.07	76	74	S	562	                Escherichia coli
  0.00	1	1	S1	566546	                  Escherichia coli W
  0.00	1	1	S1	2810406	                  Escherichia coli O89m:H9
  0.00	1	1	S	1499973	                Escherichia marmotae
  0.06	60	0	F1	2890311	              Klebsiella/Raoultella group
  0.06	60	16	G	570	                Klebsiella
  0.04	44	44	S	573	                  Klebsiella pneumoniae
  0.00	3	0	G	547	              Enterobacter
  0.00	2	0	G1	354276	                Enterobacter cloacae complex
  0.00	2	2	S	550	                  Enterobacter cloacae
  0.00	1	0	G1	2608935	                unclassified Enterobacter
  0.00	1	1	S	2724468	                  Enterobacter sp. JUb54
  0.00	1	0	G	590	              Salmonella
  0.00	1	0	S	28901	                Salmonella enterica
  0.00	1	0	S1	59201	                  Salmonella enterica subsp. enterica
  0.00	1	1	S2	115981	                    Salmonella enterica subsp. enterica serovar Montevideo
  0.03	35	3	F	1903411	            Yersiniaceae
  0.03	31	16	G	613	              Serratia
  0.01	12	12	S	47917	                Serratia fonticola
  0.00	3	0	G1	2647522	                unclassified Serratia
  0.00	3	3	S	2448483	                  Serratia sp. 3ACOL1
  0.00	1	0	G	34037	              Rahnella
  0.00	1	0	G1	2635087	                unclassified Rahnella
  0.00	1	1	S	657335	                  Rahnella sp. WMR114
  0.01	7	0	F	1903409	            Erwiniaceae
  0.01	7	0	G	53335	              Pantoea
  0.01	6	6	S	553	                Pantoea ananatis
  0.00	1	1	S	470934	                Pantoea vagans
  0.01	7	0	F	1903414	            Morganellaceae
  0.01	6	5	G	586	              Providencia
  0.00	1	1	S	333965	                Providencia vermicola
  0.00	1	0	G	583	              Proteus
  0.00	1	1	S	584	                Proteus mirabilis
  0.00	3	0	F	1903412	            Hafniaceae
  0.00	3	0	G	635	              Edwardsiella
  0.00	3	3	S	67780	                Edwardsiella ictaluri
  0.00	1	0	F	1903410	            Pectobacteriaceae
  0.00	1	0	G	122277	              Pectobacterium
  0.00	1	1	S	1905730	                Pectobacterium parmentieri
  0.06	59	0	O	135625	          Pasteurellales
  0.06	59	35	F	712	            Pasteurellaceae
  0.01	12	0	G	292486	              Avibacterium
  0.01	12	12	S	728	                Avibacterium paragallinarum
  0.01	7	0	G	1520333	              Vespertiliibacter
  0.01	7	7	S	1443036	                Vespertiliibacter pulmonis
  0.00	4	3	G	745	              Pasteurella
  0.00	1	1	S	753	                Pasteurella canis
  0.00	1	0	G	713	              Actinobacillus
  0.00	1	1	S	51161	                Actinobacillus delphinicola
  0.02	25	1	O	118969	          Legionellales
  0.02	24	0	F	118968	            Coxiellaceae
  0.02	24	10	G	59195	              Rickettsiella
  0.01	11	11	S	2856608	                Rickettsiella endosymbiont of Dermanyssus gallinae
  0.00	3	3	S	676208	                Candidatus Rickettsiella viridis
  0.01	14	0	O	72274	          Pseudomonadales
  0.01	14	0	F	135621	            Pseudomonadaceae
  0.01	14	5	G	286	              Pseudomonas
  0.00	2	0	G1	136849	                Pseudomonas syringae group
  0.00	2	0	G2	251698	                  Pseudomonas syringae group genomosp. 2
  0.00	2	0	S	47877	                    Pseudomonas amygdali
  0.00	2	2	S1	53707	                      Pseudomonas amygdali pv. lachrymans
  0.00	2	0	G1	136843	                Pseudomonas fluorescens group
  0.00	1	1	S	380021	                  Pseudomonas protegens
  0.00	1	1	S	47883	                  Pseudomonas synxantha
  0.00	2	0	G1	136841	                Pseudomonas aeruginosa group
  0.00	2	2	S	287	                  Pseudomonas aeruginosa
  0.00	1	1	S	2320867	                Pseudomonas cavernae
  0.00	1	0	G1	196821	                unclassified Pseudomonas
  0.00	1	1	S	2604941	                  Pseudomonas sp. C27(2019)
  0.00	1	1	S	219572	                Pseudomonas antarctica
  0.01	9	1	O	135614	          Xanthomonadales
  0.01	6	1	F	32033	            Xanthomonadaceae
  0.00	3	0	G	68	              Lysobacter
  0.00	3	3	S	2698682	                Lysobacter oculi
  0.00	1	1	G	40323	              Stenotrophomonas
  0.00	1	1	G	83618	              Pseudoxanthomonas
  0.00	2	0	F	1775411	            Rhodanobacteraceae
  0.00	2	0	G	75309	              Rhodanobacter
  0.00	2	2	S	416169	                Rhodanobacter thiooxydans
  0.00	3	0	O	2887326	          Moraxellales
  0.00	3	0	F	468	            Moraxellaceae
  0.00	3	0	G	469	              Acinetobacter
  0.00	3	0	G1	909768	                Acinetobacter calcoaceticus/baumannii complex
  0.00	3	3	S	471	                  Acinetobacter calcoaceticus
  0.00	2	0	O	135623	          Vibrionales
  0.00	2	0	F	641	            Vibrionaceae
  0.00	2	0	G	662	              Vibrio
  0.00	1	1	S	672	                Vibrio vulnificus
  0.00	1	0	S	666	                Vibrio cholerae
  0.00	1	1	S1	127906	                  Vibrio cholerae O1
  0.00	2	0	O	135622	          Alteromonadales
  0.00	1	0	F	267888	            Pseudoalteromonadaceae
  0.00	1	1	G	53246	              Pseudoalteromonas
  0.00	1	0	F	267890	            Shewanellaceae
  0.00	1	0	G	22	              Shewanella
  0.00	1	1	S	332186	                Shewanella xiamenensis
  0.00	1	0	O	72273	          Thiotrichales
  0.00	1	0	F	135616	            Piscirickettsiaceae
  0.00	1	0	G	2781121	              Thiosulfatimonas
  0.00	1	1	S	2675054	                Thiosulfatimonas sediminis
  0.00	1	0	O	1775403	          Nevskiales
  0.00	1	0	F	568386	            Sinobacteraceae
  0.00	1	0	G	413435	              Solimonas
  0.00	1	0	G1	2637139	                unclassified Solimonas
  0.00	1	1	S	2303331	                  Solimonas sp. K1W22B-7
  0.00	1	0	O	135624	          Aeromonadales
  0.00	1	0	F	84642	            Aeromonadaceae
  0.00	1	0	G	642	              Aeromonas
  0.00	1	1	S	648	                Aeromonas caviae
  0.00	1	0	O	135619	          Oceanospirillales
  0.00	1	0	F	28256	            Halomonadaceae
  0.00	1	0	G	1897649	              Pistricoccus
  0.00	1	1	S	1883414	                Pistricoccus aurantiacus
  0.00	1	0	O	135613	          Chromatiales
  0.00	1	0	F	72276	            Ectothiorhodospiraceae
  0.00	1	0	G	1335745	              Spiribacter
  0.00	1	0	S	1335746	                Spiribacter salinus
  0.00	1	1	S1	1260251	                  Spiribacter salinus M19-40
  0.04	38	0	C	28211	        Alphaproteobacteria
  0.02	19	0	O	204455	          Rhodobacterales
  0.02	17	1	F	31989	            Rhodobacteraceae
  0.01	14	0	G	1653176	              Cereibacter
  0.01	14	14	S	1063	                Cereibacter sphaeroides
  0.00	1	1	G	265	              Paracoccus
  0.00	1	0	G	1775705	              Frigidibacter
  0.00	1	1	S	1335048	                Frigidibacter mobilis
  0.00	2	0	F	2854170	            Roseobacteraceae
  0.00	1	0	G	53945	              Octadecabacter
  0.00	1	1	S	1458307	                Octadecabacter temperatus
  0.00	1	0	G	97050	              Ruegeria
  0.00	1	0	G1	2625375	                unclassified Ruegeria
  0.00	1	1	S	292414	                  Ruegeria sp. TM1040
  0.01	8	0	O	356	          Hyphomicrobiales
  0.00	3	0	F	119045	            Methylobacteriaceae
  0.00	2	1	G	2282523	              Methylorubrum
  0.00	1	0	G1	2648467	                unclassified Methylorubrum
  0.00	1	1	S	2897334	                  Methylorubrum sp. B1-46
  0.00	1	0	G	407	              Methylobacterium
  0.00	1	1	S	1775910	                Methylobacterium indicum
  0.00	2	0	F	41294	            Bradyrhizobiaceae
  0.00	2	1	G	374	              Bradyrhizobium
  0.00	1	0	S	375	                Bradyrhizobium japonicum
  0.00	1	1	S1	476282	                  Bradyrhizobium japonicum SEMIA 5079
  0.00	1	0	F	2831106	            Devosiaceae
  0.00	1	0	G	46913	              Devosia
  0.00	1	0	G1	196773	                unclassified Devosia
  0.00	1	1	S	1736675	                  Devosia sp. A16
  0.00	1	0	F	82115	            Rhizobiaceae
  0.00	1	0	F1	227290	              Rhizobium/Agrobacterium group
  0.00	1	0	G	379	                Rhizobium
  0.00	1	1	S	1138194	                  Rhizobium lentis
  0.00	1	0	F	2831100	            Boseaceae
  0.00	1	0	G	85413	              Bosea
  0.00	1	0	G1	2653178	                unclassified Bosea
  0.00	1	1	S	1842539	                  Bosea sp. RAC05
  0.01	7	1	O	204457	          Sphingomonadales
  0.01	6	0	F	41297	            Sphingomonadaceae
  0.01	6	0	G	13687	              Sphingomonas
  0.00	5	5	S	2764186	                Sphingomonas sabuli
  0.00	1	1	S	424800	                Sphingomonas insulae
  0.00	3	0	O	204441	          Rhodospirillales
  0.00	1	0	F	433	            Acetobacteraceae
  0.00	1	1	G	522	              Acidiphilium
  0.00	1	0	F	41295	            Rhodospirillaceae
  0.00	1	0	G	1081	              Rhodospirillum
  0.00	1	0	S	34018	                Rhodospirillum centenum
  0.00	1	1	S1	414684	                  Rhodospirillum centenum SW
  0.00	1	0	F	2829815	            Azospirillaceae
  0.00	1	0	G	191	              Azospirillum
  0.00	1	1	S	192	                Azospirillum brasilense
  0.00	1	0	O	204458	          Caulobacterales
  0.00	1	0	F	76892	            Caulobacteraceae
  0.00	1	0	G	41275	              Brevundimonas
  0.00	1	1	S	588932	                Brevundimonas naejangsanensis
  0.03	36	0	C	28216	        Betaproteobacteria
  0.03	35	2	O	80840	          Burkholderiales
  0.01	14	0	F	119060	            Burkholderiaceae
  0.01	12	0	G	32008	              Burkholderia
  0.01	8	0	G1	111527	                pseudomallei group
  0.01	7	7	S	1637837	                  Burkholderia savannae
  0.00	1	1	S	1385591	                  Burkholderia mayonis
  0.00	2	0	G1	87882	                Burkholderia cepacia complex
  0.00	2	2	S	60552	                  Burkholderia vietnamiensis
  0.00	1	1	S	41899	                Burkholderia plantarii
  0.00	1	0	G1	2613784	                unclassified Burkholderia
  0.00	1	1	S	2813843	                  Burkholderia sp. LAS2
  0.00	1	0	G	44013	              Polynucleobacter
  0.00	1	1	S	556053	                Polynucleobacter acidiphobus
  0.00	1	1	G	106589	              Cupriavidus
  0.01	11	0	F	80864	            Comamonadaceae
  0.00	5	5	G	80865	              Delftia
  0.00	2	0	G	238749	              Diaphorobacter
  0.00	2	0	G1	2649760	                unclassified Diaphorobacter
  0.00	2	2	S	2866628	                  Diaphorobacter sp. MNS-0
  0.00	1	0	G	12916	              Acidovorax
  0.00	1	0	S	80867	                Acidovorax avenae
  0.00	1	1	S1	80870	                  Acidovorax avenae subsp. avenae
  0.00	1	0	G	34072	              Variovorax
  0.00	1	1	S	436515	                Variovorax boronicumulans
  0.00	1	0	G	2490452	              Serpentinimonas
  0.00	1	1	S	1458426	                Serpentinimonas maccroryi
  0.00	1	0	G	665874	              Limnohabitans
  0.00	1	0	G1	2626134	                unclassified Limnohabitans
  0.00	1	1	S	1678129	                  Limnohabitans sp. 103DPR2
  0.00	5	0	F	506	            Alcaligenaceae
  0.00	3	0	G	222	              Achromobacter
  0.00	3	3	S	217203	                Achromobacter spanius
  0.00	2	0	G	517	              Bordetella
  0.00	2	2	S	521	                Bordetella avium
  0.00	2	0	F	75682	            Oxalobacteraceae
  0.00	1	0	G	29580	              Janthinobacterium
  0.00	1	0	G1	2610881	                unclassified Janthinobacterium
  0.00	1	1	S	375286	                  Janthinobacterium sp. Marseille
  0.00	1	0	F1	2895353	              Massilia group
  0.00	1	0	G	149698	                Massilia
  0.00	1	1	S	2072590	                  Massilia armeniaca
  0.00	1	0	O1	224471	            Burkholderiales genera incertae sedis
  0.00	1	0	G	65047	              Mitsuaria
  0.00	1	0	G1	2648776	                unclassified Mitsuaria
  0.00	1	1	S	1658665	                  Mitsuaria sp. 7
  0.00	1	0	O	32003	          Nitrosomonadales
  0.00	1	0	F	2803844	            Usitatibacteraceae
  0.00	1	0	G	2803845	              Usitatibacter
  0.00	1	1	S	2732487	                Usitatibacter palustris
  0.01	11	0	P1	68525	        delta/epsilon subdivisions
  0.01	8	1	C	29547	          Epsilonproteobacteria
  0.01	7	0	O	213849	            Campylobacterales
  0.01	7	0	F	72293	              Helicobacteraceae
  0.01	7	4	G	209	                Helicobacter
  0.00	1	1	S	157268	                  Helicobacter winghamensis
  0.00	1	0	S	32025	                  Helicobacter hepaticus
  0.00	1	1	S1	235279	                    Helicobacter hepaticus ATCC 51449
  0.00	1	1	S	104628	                  Helicobacter suis
  0.00	3	0	C	28221	          Deltaproteobacteria
  0.00	2	0	O	213118	            Desulfobacterales
  0.00	1	0	F	213119	              Desulfobacteraceae
  0.00	1	0	G	2299	                Desulfosarcina
  0.00	1	0	S	83564	                  Desulfosarcina ovata
  0.00	1	1	S1	885957	                    Desulfosarcina ovata subsp. sediminis
  0.00	1	0	F	2904715	              Desulfosudaceae
  0.00	1	0	G	2904716	                Desulfosudis
  0.00	1	0	S	181663	                  Desulfosudis oleivorans
  0.00	1	1	S1	96561	                    Desulfococcus oleovorans Hxd3
  0.00	1	0	O	1779134	            Bradymonadales
  0.00	1	0	F	1779135	              Bradymonadaceae
  0.00	1	0	G	2766927	                Persicimonas
  0.00	1	1	S	2292766	                  Persicimonas caeni
  0.32	346	6	D1	1783272	      Terrabacteria group
  0.28	295	0	P	201174	        Actinobacteria
  0.28	295	53	C	1760	          Actinomycetia
  0.09	100	0	O	85011	            Streptomycetales
  0.09	100	2	F	2062	              Streptomycetaceae
  0.09	98	5	G	1883	                Streptomyces
  0.04	48	48	S	54571	                  Streptomyces venezuelae
  0.01	14	2	G1	2593676	                  unclassified Streptomyces
  0.00	3	3	S	2684468	                    Streptomyces sp. QHH-9511
  0.00	1	1	S	2825844	                    Streptomyces sp. Go 40/10
  0.00	1	1	S	2078691	                    Streptomyces sp. CB01881
  0.00	1	1	S	2840373	                    Streptomyces sp. YPW6
  0.00	1	1	S	2748873	                    Streptomyces sp. CB04723
  0.00	1	1	S	2684469	                    Streptomyces sp. SCUT-3
  0.00	1	1	S	2721244	                    Streptomyces sp. RPA4-2
  0.00	1	1	S	2865673	                    Streptomyces sp. MG28
  0.00	1	1	S	2866715	                    Streptomyces sp. BHT-5-2
  0.00	1	1	S	659352	                    Streptomyces sp. SN-593
  0.01	14	0	G1	2839105	                  Streptomyces violaceusniger group
  0.01	14	14	S	92644	                    Streptomyces malaysiensis
  0.00	4	4	S	1616117	                  Streptomyces formicae
  0.00	2	0	S	29303	                  Streptomyces cattleya
  0.00	2	2	S1	1003195	                    Streptomyces cattleya NRRL 8057 = DSM 46488
  0.00	2	2	S	67304	                  Streptomyces griseorubiginosus
  0.00	2	0	S	1914	                  Streptomyces lavendulae
  0.00	2	2	S1	58340	                    Streptomyces lavendulae subsp. lavendulae
  0.00	2	0	G1	2838335	                  Streptomyces aurantiacus group
  0.00	2	2	S	132473	                    Streptomyces alboniger
  0.00	1	1	S	68249	                  Streptomyces pactum
  0.00	1	0	S	68192	                  Streptomyces cyaneogriseus
  0.00	1	1	S1	477245	                    Streptomyces cyaneogriseus subsp. noncyanogenus
  0.00	1	1	S	424188	                  Streptomyces deccanensis
  0.00	1	1	S	2686304	                  Streptomyces broussonetiae
  0.00	1	1	S	1888	                  Streptomyces albus
  0.09	94	0	O	85006	            Micrococcales
  0.07	79	0	F	1331736	              Ruaniaceae
  0.07	79	0	G	626119	                Ruania
  0.07	79	79	S	2603206	                  Ruania zhangjianzhongii
  0.01	6	0	F	85023	              Microbacteriaceae
  0.00	3	1	G	33882	                Microbacterium
  0.00	1	1	S	2541726	                  Microbacterium wangchenii
  0.00	1	1	S	904291	                  Microbacterium sediminis
  0.00	2	0	G	2034	                Curtobacterium
  0.00	1	0	S	2035	                  Curtobacterium flaccumfaciens
  0.00	1	1	S1	138532	                    Curtobacterium flaccumfaciens pv. flaccumfaciens
  0.00	1	0	G1	257496	                  unclassified Curtobacterium
  0.00	1	1	S	2841594	                    Curtobacterium sp. L6-1
  0.00	1	0	G	33886	                Rathayibacter
  0.00	1	0	G1	2609250	                  unclassified Rathayibacter
  0.00	1	1	S	2609253	                    Rathayibacter sp. VKM Ac-2760
  0.00	3	0	F	85020	              Dermabacteraceae
  0.00	3	0	G	43668	                Brachybacterium
  0.00	3	0	S	43669	                  Brachybacterium faecium
  0.00	3	3	S1	446465	                    Brachybacterium faecium DSM 4810
  0.00	3	0	F	1268	              Micrococcaceae
  0.00	3	0	G	1663	                Arthrobacter
  0.00	3	0	G1	235627	                  unclassified Arthrobacter
  0.00	2	2	S	1704044	                    Arthrobacter sp. ERGS1:01
  0.00	1	1	S	1849032	                    Arthrobacter sp. U41
  0.00	2	0	F	85019	              Brevibacteriaceae
  0.00	2	0	G	1696	                Brevibacterium
  0.00	1	1	S	1703	                  Brevibacterium linens
  0.00	1	1	S	33889	                  Brevibacterium casei
  0.00	1	0	F	85017	              Promicromonosporaceae
  0.00	1	0	G	157920	                Cellulosimicrobium
  0.00	1	0	G1	2624466	                  unclassified Cellulosimicrobium
  0.00	1	1	S	2587808	                    Cellulosimicrobium sp. BI34T
  0.02	17	1	O	85007	            Corynebacteriales
  0.00	5	0	F	1653	              Corynebacteriaceae
  0.00	5	2	G	1716	                Corynebacterium
  0.00	2	2	S	1719	                  Corynebacterium pseudotuberculosis
  0.00	1	1	S	2754725	                  Corynebacterium incognita
  0.00	3	0	F	1762	              Mycobacteriaceae
  0.00	2	0	G	1763	                Mycobacterium
  0.00	1	1	S	1795032	                  Mycobacterium virginiense
  0.00	1	0	G1	77643	                  Mycobacterium tuberculosis complex
  0.00	1	1	S	78331	                    Mycobacterium canettii
  0.00	1	0	G	1073531	                Mycolicibacter
  0.00	1	0	G1	2642523	                  unclassified Mycolicibacter
  0.00	1	1	S	2875777	                    Mycolicibacter sp. MYC017
  0.00	3	0	F	85025	              Nocardiaceae
  0.00	2	2	G	1827	                Rhodococcus
  0.00	1	0	G	1817	                Nocardia
  0.00	1	1	S	2382165	                  Nocardia yunnanensis
  0.00	3	0	F	85026	              Gordoniaceae
  0.00	3	0	G	2053	                Gordonia
  0.00	2	2	S	84595	                  Gordonia polyisoprenivorans
  0.00	1	0	G1	2657482	                  unclassified Gordonia
  0.00	1	1	S	2935861	                    Gordonia sp. PP30
  0.00	2	0	F	85029	              Dietziaceae
  0.00	2	0	G	37914	                Dietzia
  0.00	2	2	G1	2617939	                  unclassified Dietzia
  0.01	11	0	O	85009	            Propionibacteriales
  0.01	6	0	F	85015	              Nocardioidaceae
  0.00	5	0	G	1839	                Nocardioides
  0.00	3	0	G1	2615069	                  unclassified Nocardioides
  0.00	3	3	S	2483798	                    Nocardioides sp. 603
  0.00	2	2	S	419476	                  Nocardioides marinisabuli
  0.00	1	0	G	1546255	                Mumia
  0.00	1	0	G1	2621872	                  unclassified Mumia
  0.00	1	1	S	2708082	                    Mumia sp. ZJ1417
  0.00	4	0	F	31957	              Propionibacteriaceae
  0.00	3	0	G	1912216	                Cutibacterium
  0.00	3	3	S	1747	                  Cutibacterium acnes
  0.00	1	0	G	1912215	                Acidipropionibacterium
  0.00	1	1	S	2057246	                  Acidipropionibacterium virtanenii
  0.00	1	0	F	2726069	              Kribbellaceae
  0.00	1	0	G	182639	                Kribbella
  0.00	1	1	S	1544730	                  Kribbella qitaiheensis
  0.01	8	0	O	85010	            Pseudonocardiales
  0.01	8	6	F	2070	              Pseudonocardiaceae
  0.00	2	0	G	1835	                Saccharopolyspora
  0.00	2	2	S	333966	                  Saccharopolyspora pogona
  0.00	4	0	O	85008	            Micromonosporales
  0.00	4	0	F	28056	              Micromonosporaceae
  0.00	2	0	G	1873	                Micromonospora
  0.00	1	0	S	1003110	                  Micromonospora maris
  0.00	1	1	S1	263358	                    Micromonospora maris AB-18-032
  0.00	1	1	S	356851	                  Micromonospora chokoriensis
  0.00	1	0	G	1865	                Actinoplanes
  0.00	1	0	S	1866	                  Actinoplanes missouriensis
  0.00	1	1	S1	512565	                    Actinoplanes missouriensis 431
  0.00	1	0	G	84593	                Verrucosispora
  0.00	1	0	G1	2630859	                  unclassified Verrucosispora
  0.00	1	1	S	2742132	                    Verrucosispora sp. NA02020
  0.00	4	0	O	85012	            Streptosporangiales
  0.00	2	0	F	2004	              Streptosporangiaceae
  0.00	2	0	G	83681	                Nonomuraea
  0.00	2	0	S	404386	                  Nonomuraea coxensis
  0.00	2	2	S1	1122611	                    Nonomuraea coxensis DSM 45129
  0.00	2	0	F	2012	              Thermomonosporaceae
  0.00	2	0	G	1988	                Actinomadura
  0.00	2	0	G1	2626254	                  unclassified Actinomadura
  0.00	2	2	S	2742128	                    Actinomadura sp. NAK00032
  0.00	2	0	O	85014	            Glycomycetales
  0.00	2	0	F	85034	              Glycomycetaceae
  0.00	2	0	G	283810	                Stackebrandtia
  0.00	2	0	S	283811	                  Stackebrandtia nassauensis
  0.00	2	2	S1	446470	                    Stackebrandtia nassauensis DSM 44728
  0.00	1	0	O	1643684	            Nakamurellales
  0.00	1	0	F	85031	              Nakamurellaceae
  0.00	1	0	G	53460	                Nakamurella
  0.00	1	1	S	1090615	                  Nakamurella panacisegetis
  0.00	1	0	O	1643682	            Geodermatophilales
  0.00	1	0	F	85030	              Geodermatophilaceae
  0.00	1	0	G	38501	                Blastococcus
  0.00	1	0	G1	2619396	                  unclassified Blastococcus
  0.00	1	1	S	2933797	                    Blastococcus sp. PRF04-17
  0.03	29	0	P	1239	        Firmicutes
  0.03	29	3	C	91061	          Bacilli
  0.02	21	0	O	1385	            Bacillales
  0.01	15	0	F	90964	              Staphylococcaceae
  0.01	13	0	G	227979	                Jeotgalicoccus
  0.01	13	0	G1	2630462	                  unclassified Jeotgalicoccus
  0.01	13	13	S	946435	                    Jeotgalicoccus sp. ATCC 8456
  0.00	2	0	G	1279	                Staphylococcus
  0.00	1	1	S	1280	                  Staphylococcus aureus
  0.00	1	1	S	1282	                  Staphylococcus epidermidis
  0.00	5	0	F	186817	              Bacillaceae
  0.00	4	0	G	1386	                Bacillus
  0.00	2	0	G1	86661	                  Bacillus cereus group
  0.00	2	2	S	1396	                    Bacillus cereus
  0.00	2	2	S	561879	                  Bacillus safensis
  0.00	1	0	G	1276290	                Caldibacillus
  0.00	1	1	S	35841	                  Caldibacillus thermoamylovorans
  0.00	1	0	F	186822	              Paenibacillaceae
  0.00	1	0	G	44249	                Paenibacillus
  0.00	1	1	S	2726185	                  Paenibacillus albicereus
  0.00	5	1	O	186826	            Lactobacillales
  0.00	3	0	F	81852	              Enterococcaceae
  0.00	3	0	G	1350	                Enterococcus
  0.00	3	3	S	1351	                  Enterococcus faecalis
  0.00	1	0	F	33958	              Lactobacillaceae
  0.00	1	0	G	2767874	                Acetilactobacillus
  0.00	1	1	S	1720083	                  Acetilactobacillus jinshanensis
  0.01	12	0	D2	1798711	        Cyanobacteria/Melainabacteria group
  0.01	12	0	P	1117	          Cyanobacteria
  0.01	7	0	P1	1301283	            Oscillatoriophycideae
  0.01	7	0	O	1150	              Oscillatoriales
  0.01	6	0	F	1892254	                Oscillatoriaceae
  0.01	6	0	G	1155738	                  Moorena
  0.01	6	0	S	1155739	                    Moorena producens
  0.01	6	6	S1	1458985	                      Moorena producens PAL-8-15-08-1
  0.00	1	0	F	1892252	                Microcoleaceae
  0.00	1	0	G	44471	                  Microcoleus
  0.00	1	0	S	119532	                    Microcoleus vaginatus
  0.00	1	1	S1	2303329	                      Microcoleus vaginatus HSN003
  0.00	3	0	O	1161	            Nostocales
  0.00	2	0	F	1162	              Nostocaceae
  0.00	2	0	G	1163	                Anabaena
  0.00	2	0	G1	2619674	                  unclassified Anabaena
  0.00	2	2	S	46234	                    Anabaena sp. 90
  0.00	1	0	F	1182	              Scytonemataceae
  0.00	1	0	G	383614	                Brasilonema
  0.00	1	0	S	1397703	                  Brasilonema sennae
  0.00	1	1	S1	415709	                    Brasilonema sennae CENA114
  0.00	1	0	O	1890424	            Synechococcales
  0.00	1	0	F	1890426	              Synechococcaceae
  0.00	1	0	G	1129	                Synechococcus
  0.00	1	0	G1	2626047	                  unclassified Synechococcus
  0.00	1	1	S	1353136	                    Synechococcus sp. CBW1004
  0.00	1	0	O	1890505	            Chroococcidiopsidales
  0.00	1	0	F	1890528	              Chroococcidiopsidaceae
  0.00	1	0	G	54298	                Chroococcidiopsis
  0.00	1	0	S	54299	                  Chroococcidiopsis thermalis
  0.00	1	1	S1	251229	                    Chroococcidiopsis thermalis PCC 7203
  0.00	4	0	P	544448	        Tenericutes
  0.00	3	0	C	31969	          Mollicutes
  0.00	3	0	O	2085	            Mycoplasmatales
  0.00	3	0	F	2092	              Mycoplasmataceae
  0.00	2	0	G	2923352	                Mesomycoplasma
  0.00	2	2	S	2120	                  Mesomycoplasma neurolyticum
  0.00	1	1	G	2767358	                Mycoplasmopsis
  0.00	1	0	O	2790996	          Mycoplasmoidales
  0.00	1	0	F	2790998	            Mycoplasmoidaceae
  0.00	1	0	G	2791001	              Malacoplasma
  0.00	1	0	S	28227	                Malacoplasma penetrans
  0.00	1	1	S1	272633	                  Malacoplasma penetrans HF-2
  0.00	4	0	D1	1783270	      FCB group
  0.00	4	0	D2	68336	        Bacteroidetes/Chlorobi group
  0.00	4	0	P	976	          Bacteroidetes
  0.00	2	0	C	768503	            Cytophagia
  0.00	2	0	O	768507	              Cytophagales
  0.00	1	0	F	1501348	                Amoebophilaceae
  0.00	1	0	G	273135	                  Candidatus Cardinium
  0.00	1	1	S	247481	                    Candidatus Cardinium hertigii
  0.00	1	1	F	1853232	                Hymenobacteraceae
  0.00	1	0	C	117743	            Flavobacteriia
  0.00	1	0	O	200644	              Flavobacteriales
  0.00	1	0	F	49546	                Flavobacteriaceae
  0.00	1	0	G	444051	                  Mesoflavibacter
  0.00	1	0	G1	2630131	                    unclassified Mesoflavibacter
  0.00	1	1	S	2779362	                      Mesoflavibacter sp. SCSIO 43206
  0.00	1	0	C	1937959	            Saprospiria
  0.00	1	0	O	1936988	              Saprospirales
  0.00	1	0	F	1937961	                Haliscomenobacteraceae
  0.00	1	0	G	2349	                  Haliscomenobacter
  0.00	1	0	S	2350	                    Haliscomenobacter hydrossis
  0.00	1	1	S1	760192	                      Haliscomenobacter hydrossis DSM 1100
  0.00	1	0	D1	1783257	      PVC group
  0.00	1	0	P	203682	        Planctomycetes
  0.00	1	0	C	203683	          Planctomycetia
  0.00	1	0	O	2691356	            Isosphaerales
  0.00	1	0	F	1763524	              Isosphaeraceae
  0.00	1	0	G	2680020	                Tautonia
  0.00	1	1	S	2527974	                  Tautonia plasticadhaerens
  0.00	3	1	D	2157	    Archaea
  0.00	2	0	P	28890	      Euryarchaeota
  0.00	2	0	C	183968	        Thermococci
  0.00	2	0	O	2258	          Thermococcales
  0.00	2	0	F	2259	            Thermococcaceae
  0.00	2	0	G	2263	              Thermococcus
  0.00	2	0	G1	2627626	                unclassified Thermococcus
  0.00	2	2	S	1674923	                  Thermococcus sp. 2319x1
  1.27	1358	0	R1	2787854	  other entries
  1.27	1358	1358	R2	28384	    other sequences
